,Name,annotations,roles,Number_of_Annotations,non_interested_role_parts_present,Seq_len,role_name,Annotation_Start_Stop,Sequence_length,Sequence,Annotations_Seq
0,100_BBa_M13504.xml,[],[],0,FALSE,0,[],[],0,,['']
1,101_BBa_K1676010.xml,[],[],0,FALSE,0,[],[],0,,['']
2,102_BBa_K1676011.xml,[],[],0,FALSE,0,[],[],0,,['']
3,103_BBa_K1799013.xml,[],[],0,FALSE,0,[],[],0,,['']
4,104_BBa_J61130.xml,[],[],0,FALSE,0,[],[],0,,['']
5,105_BBa_J61131.xml,[],[],0,FALSE,0,[],[],0,,['']
6,106_BBa_K1676016.xml,[],[],0,FALSE,0,[],[],0,,['']
7,107_BBa_J61107.xml,[],[],0,FALSE,0,[],[],0,,['']
8,108_BBa_K1605014.xml,[],[],0,FALSE,0,[],[],0,,['']
9,109_BBa_J61104.xml,[],[],0,FALSE,0,[],[],0,,['']
10,110_BBa_J61115.xml,[],[],0,FALSE,0,[],[],0,,['']
11,111_BBa_J61101.xml,[],[],0,FALSE,0,[],[],0,,['']
12,112_BBa_J61132.xml,[],[],0,FALSE,0,[],[],0,,['']
13,113_BBa_J61105.xml,[],[],0,FALSE,0,[],[],0,,['']
14,114_BBa_J61116.xml,[],[],0,FALSE,0,[],[],0,,['']
15,115_BBa_J61117.xml,[],[],0,FALSE,0,[],[],0,,['']
16,116_BBa_J61133.xml,[],[],0,FALSE,0,[],[],0,,['']
17,117_BBa_J61134.xml,[],[],0,FALSE,0,[],[],0,,['']
18,118_BBa_J61135.xml,[],[],0,FALSE,0,[],[],0,,['']
19,119_BBa_K1676017.xml,[],[],0,FALSE,0,[],[],0,,['']
20,120_BBa_J61108.xml,[],[],0,FALSE,0,[],[],0,,['']
21,121_BBa_J61120.xml,[],[],0,FALSE,0,[],[],0,,['']
22,122_BBa_J61109.xml,[],[],0,FALSE,0,[],[],0,,['']
23,123_BBa_K1463100.xml,[],[],0,FALSE,0,[],[],0,,['']
24,124_BBa_K1676019.xml,[],[],0,FALSE,0,[],[],0,,['']
25,125_BBa_J61118.xml,[],[],0,FALSE,0,[],[],0,,['']
26,126_BBa_J61121.xml,[],[],0,FALSE,0,[],[],0,,['']
27,127_BBa_J61122.xml,[],[],0,FALSE,0,[],[],0,,['']
28,128_BBa_J61123.xml,[],[],0,FALSE,0,[],[],0,,['']
29,129_BBa_K1676020.xml,[],[],0,FALSE,0,[],[],0,,['']
30,130_BBa_J61124.xml,[],[],0,FALSE,0,[],[],0,,['']
31,131_BBa_J61125.xml,[],[],0,FALSE,0,[],[],0,,['']
32,132_BBa_J61136.xml,[],[],0,FALSE,0,[],[],0,,['']
33,133_BBa_K1676025.xml,[],[],0,FALSE,0,[],[],0,,['']
34,134_BBa_K1676026.xml,[],[],0,FALSE,0,[],[],0,,['']
35,135_BBa_J23080.xml,[],[],0,FALSE,0,[],[],0,,['']
36,136_BBa_K783051.xml,['annotation1'],['0000139'],1,FALSE,0,[],"[[1, 12]]",0,,['']
37,137_BBa_K082002.xml,['annotation1'],['0000139'],1,FALSE,0,[],"[[1, 12]]",0,,['']
38,138_BBa_K1933005.xml,['annotation1'],['0000139'],1,FALSE,0,[],"[[1, 12]]",0,,['']
39,139_BBa_M36269.xml,['annotation1'],['0000139'],1,FALSE,0,[],"[[1, 12]]",0,,['']
40,140_BBa_K1676034.xml,[],[],0,FALSE,0,[],[],0,,['']
41,141_BBa_K1676035.xml,[],[],0,FALSE,0,[],[],0,,['']
42,142_BBa_K1676036.xml,[],[],0,FALSE,0,[],[],0,,['']
43,143_BBa_K1676031.xml,[],[],0,FALSE,0,[],[],0,,['']
44,144_BBa_K1676032.xml,[],[],0,FALSE,0,[],[],0,,['']
45,145_BBa_K1676033.xml,[],[],0,FALSE,0,[],[],0,,['']
46,146_BBa_K1676028.xml,[],[],0,FALSE,0,[],[],0,,['']
47,147_BBa_K1676029.xml,[],[],0,FALSE,0,[],[],0,,['']
48,148_BBa_K1676030.xml,[],[],0,FALSE,0,[],[],0,,['']
49,149_BBa_K1676027.xml,[],[],0,FALSE,0,[],[],0,,['']
50,150_BBa_K1676022.xml,[],[],0,FALSE,0,[],[],0,,['']
51,151_BBa_J61110.xml,[],[],0,FALSE,0,[],[],0,,['']
52,152_BBa_J61111.xml,[],[],0,FALSE,0,[],[],0,,['']
53,153_BBa_K1676023.xml,[],[],0,FALSE,0,[],[],0,,['']
54,154_BBa_J61100.xml,[],[],0,FALSE,0,[],[],0,,['']
55,155_BBa_K1676024.xml,[],[],0,FALSE,0,[],[],0,,['']
56,156_BBa_J61112.xml,[],[],0,FALSE,0,[],[],0,,['']
57,157_BBa_J61126.xml,[],[],0,FALSE,0,[],[],0,,['']
58,158_BBa_K1676021.xml,[],[],0,FALSE,0,[],[],0,,['']
59,159_BBa_J61137.xml,[],[],0,FALSE,0,[],[],0,,['']
60,160_BBa_J61113.xml,[],[],0,FALSE,0,[],[],0,,['']
61,161_BBa_J61127.xml,[],[],0,FALSE,0,[],[],0,,['']
62,162_BBa_J61128.xml,[],[],0,FALSE,0,[],[],0,,['']
63,163_BBa_J61106.xml,[],[],0,FALSE,0,[],[],0,,['']
64,164_BBa_J61138.xml,[],[],0,FALSE,0,[],[],0,,['']
65,165_BBa_J61102.xml,[],[],0,FALSE,0,[],[],0,,['']
66,166_BBa_K1676018.xml,[],[],0,FALSE,0,[],[],0,,['']
67,167_BBa_J61114.xml,[],[],0,FALSE,0,[],[],0,,['']
68,168_BBa_J61103.xml,[],[],0,FALSE,0,[],[],0,,['']
69,169_BBa_J61139.xml,[],[],0,FALSE,0,[],[],0,,['']
70,170_BBa_J61129.xml,[],[],0,FALSE,0,[],[],0,,['']
71,171_BBa_J61119.xml,[],[],0,FALSE,0,[],[],0,,['']
72,172_BBa_K1676013.xml,[],[],0,FALSE,0,[],[],0,,['']
73,173_BBa_K1074015.xml,[],[],0,FALSE,0,[],[],0,,['']
74,174_BBa_K090505.xml,[],[],0,FALSE,0,[],[],0,,['']
75,175_BBa_K1676014.xml,[],[],0,FALSE,0,[],[],0,,['']
76,176_BBa_K606061.xml,[],[],0,FALSE,0,[],[],0,,['']
77,177_BBa_K1074016.xml,[],[],0,FALSE,0,[],[],0,,['']
78,178_BBa_K1676015.xml,[],[],0,FALSE,0,[],[],0,,['']
79,179_BBa_K1676012.xml,[],[],0,FALSE,0,[],[],0,,['']
80,180_BBa_K376001.xml,[],[],0,FALSE,0,[],[],0,,['']
81,181_BBa_K1403008.xml,[],[],0,FALSE,10,[],[],10,taggagaaaa,['taggagaaaa']
82,182_BBa_K285201.xml,[],[],0,FALSE,2,[],[],2,at,['at']
83,183_BBa_B0075.xml,[],[],0,FALSE,0,[],[],0,,['']
84,184_BBa_B2022.xml,[],[],0,FALSE,0,[],[],0,,['']
85,185_BBa_K1479006.xml,[],[],0,FALSE,7,[],[],7,ggaattc,['ggaattc']
86,186_BBa_K1676007.xml,[],[],0,FALSE,0,[],[],0,,['']
87,187_BBa_K1992000.xml,[],[],0,FALSE,0,[],[],0,,['']
88,188_BBa_K1351034.xml,[],[],0,FALSE,0,[],[],0,,['']
89,189_BBa_B2040.xml,[],[],0,FALSE,0,[],[],0,,['']
90,190_BBa_M1782.xml,[],[],0,FALSE,0,[],[],0,,['']
91,191_BBa_K1351032.xml,[],[],0,FALSE,0,[],[],0,,['']
92,192_BBa_K1471011.xml,[],[],0,FALSE,0,[],[],0,,['']
93,193_BBa_K879026.xml,[],[],0,FALSE,4,[],[],4,ctta,['ctta']
94,194_BBa_K1624003.xml,[],[],0,FALSE,0,[],[],0,,['']
95,195_BBa_K1351030.xml,[],[],0,FALSE,0,[],[],0,,['']
96,196_BBa_K1650034.xml,[],[],0,FALSE,0,[],[],0,,['']
97,197_BBa_K1676008.xml,[],[],0,FALSE,0,[],[],0,,['']
98,198_BBa_K1351028.xml,[],[],0,FALSE,0,[],[],0,,['']
99,199_BBa_K1583008.xml,[],[],0,FALSE,0,[],[],0,,['']
100,200_BBa_K1605008.xml,[],[],0,FALSE,0,[],[],0,,['']
101,201_BBa_J64807.xml,[],[],0,FALSE,0,[],[],0,,['']
102,202_BBa_J64808.xml,[],[],0,FALSE,0,[],[],0,,['']
103,203_BBa_K1362090.xml,['annotation1'],['0000139'],1,FALSE,4,[],"[[7, 29]]",4,aagg,['']
104,204_BBa_M36361.xml,"['annotation2', 'annotation1']","['0000139', '0000139']",2,FALSE,58,[],"[[69, 77], [8, 28]]",58,aaggaggtatatccatggctagcatgactaaacatcttaatcatgctaaggaggtttt,"['', 'atatccatggctagcatgac']"
105,205_BBa_M36521.xml,"['annotation2', 'annotation1']","['0000139', '0000139']",2,FALSE,61,[],"[[69, 77], [8, 28]]",61,aaggaggtatatccatggctagcatgactaaacatcttaatcatgctaaggaggttttcta,"['', 'atatccatggctagcatgac']"
106,206_BBa_Z0261.xml,[],[],0,FALSE,0,[],[],0,,['']
107,207_BBa_K1676009.xml,[],[],0,FALSE,0,[],[],0,,['']
108,208_BBa_K1479015.xml,[],[],0,FALSE,0,[],[],0,,['']
109,209_BBa_M13511.xml,[],[],0,FALSE,0,[],[],0,,['']
110,210_BBa_K314901.xml,[],[],0,FALSE,140,[],[],140,cgtcgatcgacgtagtcgagttcacgtatcgatctgatcgtatcgatcgatcgatcgactgatcgactgactgacgtatcgactgactgactactgacgtacgtgacgctagctctagcttgttggtgtcgagtcagaca,['cgtcgatcgacgtagtcgagttcacgtatcgatctgatcgtatcgatcgatcgatcgactgatcgactgactgacgtatcgactgactgactactgacgtacgtgacgctagctctagcttgttggtgtcgagtcagaca']
111,211_BBa_K1676004.xml,[],[],0,FALSE,0,[],[],0,,['']
112,212_BBa_J64022.xml,[],[],0,FALSE,0,[],[],0,,['']
113,213_BBa_J119391.xml,[],[],0,FALSE,0,[],[],0,,['']
114,214_BBa_K1605022.xml,[],[],0,FALSE,0,[],[],0,,['']
115,215_BBa_K819014.xml,[],[],0,FALSE,4,[],[],4,gcaa,['gcaa']
116,216_BBa_M45214.xml,[],[],0,FALSE,182,[],[],182,ctcgattcatggcagcttttgacgaccatccctagttccgatcacgcacgcacaccggctttgccacgcataccgacttgattgcagtcacagcgcttgccgcgacgccaatccgttcccttgtaccgcatcctgacatttgtccattcgtgtttttgttttttgggttttgagttttgatc,['ctcgattcatggcagcttttgacgaccatccctagttccgatcacgcacgcacaccggctttgccacgcataccgacttgattgcagtcacagcgcttgccgcgacgccaatccgttcccttgtaccgcatcctgacatttgtccattcgtgtttttgttttttgggttttgagttttgatc']
117,217_BBa_K2066515.xml,[],[],0,FALSE,0,[],[],0,,['']
118,218_BBa_K1463560.xml,[],[],0,FALSE,0,[],[],0,,['']
119,219_BBa_B2017.xml,[],[],0,FALSE,0,[],[],0,,['']
120,220_BBa_K1379015.xml,[],[],0,FALSE,0,[],[],0,,['']
121,221_BBa_K1605004.xml,[],[],0,FALSE,0,[],[],0,,['']
122,222_BBa_I742145.xml,[],[],0,FALSE,0,[],[],0,,['']
123,223_BBa_B2001.xml,[],[],0,FALSE,0,[],[],0,,['']
124,224_BBa_J34900.xml,[],[],0,FALSE,0,[],[],0,,['']
125,225_BBa_B2003.xml,[],[],0,FALSE,0,[],[],0,,['']
126,226_BBa_K1841012.xml,[],[],0,FALSE,0,[],[],0,,['']
127,227_BBa_K1351033.xml,[],[],0,FALSE,0,[],[],0,,['']
128,228_BBa_M45406.xml,['annotation1'],['0000167'],1,TRUE,39,['promoter'],"[[7, 38]]",39,gaagctcgacttccagcttggcaatccggtactgttggt,['gacttccagcttggcaatccggtactgttgg']
129,229_BBa_K780002.xml,[],[],0,FALSE,0,[],[],0,,['']
130,230_BBa_K1676005.xml,[],[],0,FALSE,0,[],[],0,,['']
131,231_BBa_K1605002.xml,[],[],0,FALSE,0,[],[],0,,['']
132,232_BBa_K104009.xml,[],[],0,FALSE,0,[],[],0,,['']
133,233_BBa_K1351029.xml,[],[],0,FALSE,0,[],[],0,,['']
134,234_BBa_K090506.xml,[],[],0,FALSE,0,[],[],0,,['']
135,235_BBa_K896599.xml,"['annotation2', 'annotation1']","['0000139', '0000139']",2,FALSE,410,[],"[[248, 256], [124, 132]]",410,agtggaatactgttttcctacgaaagtggaggggcccaggaagttaatcctggtagaaaaaattagcagtttgatcttgtagttacatgcccctcggtaggtaaggaggtgttgtttcctatctctggtgccacagaccagtgtcataagttaaactatacctgcgttaggataatagattcgggtgggtagttaaaagtcctagggggagggagtggagtgttataaggaggtgctctcgtgtttggctgggggttgtggttagatggtttgttgttttattccgttgcgtggtgaggaaaatatagagtgtataggaggcagcgataagggttgtaacggctgttaatagggttgtggttttggctcaattgaatgaggctgaaatagttacgagttctcctaggagg,"['ctgggggt', 'ctggtgcc']"
136,236_BBa_K879022.xml,[],[],0,FALSE,4,[],[],4,ggta,['ggta']
137,237_BBa_K150005.xml,[],[],0,FALSE,0,[],[],0,,['']
138,238_BBa_K360031.xml,[],[],0,FALSE,0,[],[],0,,['']
139,239_BBa_K1341023.xml,[],[],0,FALSE,0,[],[],0,,['']
140,240_BBa_K1351031.xml,[],[],0,FALSE,0,[],[],0,,['']
141,241_BBa_K2066510.xml,[],[],0,FALSE,0,[],[],0,,['']
142,242_BBa_J29048.xml,[],[],0,FALSE,0,[],[],0,,['']
143,243_BBa_M36804.xml,[],[],0,FALSE,0,[],[],0,,['']
144,244_BBa_K892005.xml,[],[],0,FALSE,0,[],[],0,,['']
145,245_BBa_K1583058.xml,[],[],0,FALSE,0,[],[],0,,['']
146,246_BBa_I11010.xml,[],[],0,FALSE,0,[],[],0,,['']
147,247_BBa_K899009.xml,[],[],0,FALSE,0,[],[],0,,['']
148,248_BBa_K899010.xml,[],[],0,FALSE,0,[],[],0,,['']
149,249_BBa_K318901.xml,[],[],0,FALSE,0,[],[],0,,['']
150,250_BBa_K1403010.xml,[],[],0,FALSE,10,[],[],10,aggggaaaga,['aggggaaaga']
151,251_BBa_J90000.xml,[],[],0,FALSE,0,[],[],0,,['']
152,252_BBa_K104003.xml,[],[],0,FALSE,0,[],[],0,,['']
153,253_BBa_J64809.xml,[],[],0,FALSE,0,[],[],0,,['']
154,254_BBa_J96044.xml,[],[],0,FALSE,23,[],[],23,tcaatacaaacttgctgtctcgg,['tcaatacaaacttgctgtctcgg']
155,255_BBa_J329999.xml,[],[],0,FALSE,6,[],[],6,aaatcc,['aaatcc']
156,256_BBa_K2018032.xml,[],[],0,FALSE,0,[],[],0,,['']
157,257_BBa_K390002.xml,[],[],0,FALSE,24,[],[],24,gacaaatacaaaaggaggtttaac,['gacaaatacaaaaggaggtttaac']
158,258_BBa_K390001.xml,[],[],0,FALSE,24,[],[],24,gacaaatacataaggaattataac,['gacaaatacataaggaattataac']
159,259_BBa_I722003.xml,['annotation1'],['0000316'],1,TRUE,1165,['CDS'],"[[1044, 1055]]",1165,ctgttgccgttccacttggcggcgggttttattgaacgcagccacggcacctgaccctgcgcaattactactggatcgcgactaccaggacggtggggcgaagaccgccgcgcgggagtgggcccaaggtttcatcatgaacatggagtcggggttcaccgagggtcgcgtcggtttcggcctcgatgtgcgcgggctgctgggggtcaagctcgactcctcgccggaccgcagcggcaccgagctgctgccggtgtcggccagcgacaagcgcgccgtggatgaatactcgcggctggcgcccaccgccaaactgcgctttgcccggaccacggtgaagaccggcgatgtctcgatcttcctgccgttcgcctttgccagcccgtcgcgcctgctgccgcagacctttcgcggcaccaccctgagctccacggacatcgacggcctgaccctcaataccggctatatcgaccgcatcaacaagcgcgactccaccgactaccaggccatgaccattgcctcgcccaaccggcggttcaatggcacggccagcacctcgcacctggcgtacctggggggcgattaccaggtcaacaaggcgctcagcctgcgcgcctatcacgccgaggtggccgacctctaccagcaggacactctggccctgctgcacaacctgcccctgggcgatggcgtgctgagcagcgacctgcgcagttttttcagccgggaagacggcagtgccaaggccggccgggtcgacaaccgcaacctctcggcgctgtttggctacaagttcggcgggcaccgggtgagcctgggctacatgcattccagtggcgacacggccacgccctacatctccggcaccgagttgatgggcatgagcgagctgaccatgagttcggacttactcaatgccaaggagcgcacctggcaagccatctacgactatgacttgccgctccgcgtgcccgggctcaagagtcggctgcgttacgtgcgcggcgaccatatcgagctggcggccttcaatgccagccagcgcaaggagcgcgagtttcagatggagttggggtacgtgctgcagagcggcccgctgaagaacctcgggctggtggcgcgcaagtcgatctatcgcaatgacttcccggcgggcgcggcgttt,['caaggagcgcg']
160,260_BBa_K1799014.xml,[],[],0,FALSE,0,[],[],0,,['']
161,261_BBa_K1605010.xml,[],[],0,FALSE,0,[],[],0,,['']
162,262_BBa_M13506.xml,[],[],0,FALSE,0,[],[],0,,['']
163,263_BBa_K1676006.xml,[],[],0,FALSE,0,[],[],0,,['']
164,264_BBa_J64907.xml,[],[],0,FALSE,0,[],[],0,,['']
165,265_BBa_J100112.xml,[],[],0,FALSE,166,[],[],166,caattaatcatccggctcgtaatttatgtggaggctgatgtagttaaggcgggcccaagttcacttaaaaaggagatcaacaatgaaagcaattttcgtactgaaacatcttaatcatgcgatggacgggttctaatggggaccatcttagttaagctatgtattc,['caattaatcatccggctcgtaatttatgtggaggctgatgtagttaaggcgggcccaagttcacttaaaaaggagatcaacaatgaaagcaattttcgtactgaaacatcttaatcatgcgatggacgggttctaatggggaccatcttagttaagctatgtattc']
166,266_BBa_K1529948.xml,[],[],0,FALSE,0,[],[],0,,['']
167,267_BBa_K780001.xml,[],[],0,FALSE,0,[],[],0,,['']
168,268_BBa_M13502.xml,[],[],0,FALSE,0,[],[],0,,['']
169,269_BBa_K809008.xml,[],[],0,FALSE,29,[],[],29,tattaaaattaatatataaaaaaaaagta,['tattaaaattaatatataaaaaaaaagta']
170,270_BBa_K809009.xml,[],[],0,FALSE,89,[],[],89,ttatatataattatatatatatatataaataataataaatatatatataatataaaaataagaatagattaaatatttaataaataaat,['ttatatataattatatatatatatataaataataataaatatatatataatataaaaataagaatagattaaatatttaataaataaat']
171,271_BBa_K314970.xml,"['annotation2', 'annotation1']","['0000316', '0000316']",2,TRUE,1520,"['CDS', 'CDS']","[[1513, 1533], [979, 990]]",1520,gcgtgaaacagaaaatcgattctatgggcgacaaaggtacctacggcgtttcagcgtcgcatccgctggccgtcgaagaaggcatgaaagtgctgaaaaacggcggtagtgccgtggatgcggccattgtggtttcctatgttctgggtgtcgtggaactgcacgcaagcggtatcggcggtggcggtggcatgctgatcatctctaaagataaagaaaccttcatcgactaccgtgaaaccacgccgtatttcacgggtaatcagaaaccgcatattggtgtcccgggctttgtggcaggcatggaatacatccacgataactatggtagcctgccgatgggcgaactgctgcaaccggcgatcaactacgccgaaaaaggtttcaaagtggatgactcactgaccatgcgtctggatctggcgaaaccgcgcatttacagcgacaaactgtctatcttctatccgaacggtgaaccgattgaaaccggcgaaacgctgatccagaccgatctggcgcgtacgctgaagaaaattcaaaaagaaggtgccaaaggcttttacgaaggtggcgtggcacgcgctatcagcaaaaccgctaaaatttctctggaagatatcaaaggctataaagtggaagttcgcaaaccagtgaagggtaattatatgggctacgacgtgtataccgcaccgccgccgttcagcggtgttacgctgctgcaaatgctgaaactggcagagaaaaaagaagtgtacaaagatgtcgaccataccgctacgtacatgagtaaaatggaagaaatttcccgtatcgcgtaccaggatcgtaagaaaaacctgggcgacccgaactatgttaatatggacccgaacaaaatggtcagcgacaaatacatctccaccatgaaaaacgaaaacggtgatgcactgtcagaagctgaacatgaatcgaccacgcactttgtgattatcgatcgtgacggcacggttgtcagctctaccaacacgctgagtaactttttcggtaccggcaaatacaccgcgggctttttcctgaacaatcagctgcaaaactttggttcagaaggcttcaattcgtatgaaccgggtaaacgtagtcgcacctttatggccccgacggttctgaaaaaagatggcgaaaccattggtatcggctccccgggtggcaaccgcattccgcagatcctgaccccgattctggataaatatacgcacggtaaaggctctctgcaagacattatcaacgaataccgttttaccttcgagaaaaacaccgcctatacggaaatccagctgagttccgaagtgaaaaacgaactgtcacgcaaaggtctgaacgtgaagaaaaaagttagcccggcgtttttcggtggcgttcaagctctgattaaagatgaacgtgacaatgtcatcaccggcgcgggtgatggtcgtcgcaatggcacctggaaaagcaacaaaggcagcaccgaaaacctgtacttccaatctggcgcactc,"['cgcactc', 'cggcacggttg']"
172,272_BBa_M45193.xml,[],[],0,FALSE,0,[],[],0,,['']
173,273_BBa_B0030.xml,['annotation1'],['0000139'],1,FALSE,0,[],"[[4, 15]]",0,,['']
174,274_BBa_K082000.xml,['annotation1'],['0000139'],1,FALSE,0,[],"[[4, 15]]",0,,['']
175,275_BBa_J56016.xml,['annotation1'],['0000139'],1,FALSE,0,[],"[[4, 15]]",0,,['']
176,276_BBa_K2182005.xml,[],[],0,FALSE,0,[],[],0,,['']
177,277_BBa_K879023.xml,[],[],0,FALSE,4,[],[],4,ggtc,['ggtc']
178,278_BBa_J64030.xml,[],[],0,FALSE,0,[],[],0,,['']
179,279_BBa_M13510.xml,[],[],0,FALSE,0,[],[],0,,['']
180,280_BBa_J59001.xml,[],[],0,FALSE,9,[],[],9,cgtttctga,['cgtttctga']
181,281_BBa_J64031.xml,[],[],0,FALSE,0,[],[],0,,['']
182,282_BBa_M50024.xml,[],[],0,FALSE,0,[],[],0,,['']
183,283_BBa_K1676001.xml,[],[],0,FALSE,0,[],[],0,,['']
184,284_BBa_K1994002.xml,[],[],0,FALSE,5,[],[],5,attat,['attat']
185,285_BBa_K2116999.xml,[],[],0,FALSE,0,[],[],0,,['']
186,286_BBa_K2018028.xml,[],[],0,FALSE,0,[],[],0,,['']
187,287_BBa_J64013.xml,[],[],0,FALSE,0,[],[],0,,['']
188,288_BBa_M13505.xml,[],[],0,FALSE,0,[],[],0,,['']
189,289_BBa_J95015.xml,[],[],0,FALSE,0,[],[],0,,['']
190,290_BBa_K208101.xml,[],[],0,FALSE,0,[],[],0,,['']
191,291_BBa_B0076.xml,[],[],0,FALSE,0,[],[],0,,['']
192,292_BBa_M36123.xml,[],[],0,FALSE,4,[],[],4,aaaa,['aaaa']
193,293_BBa_K545666.xml,[],[],0,FALSE,198,[],[],198,ccgggaacaacaagaagttaaggcggggcaaaaaatagcgaccatgggtagcaccggaaccagttcaacacgcttgcattttgaaattcgttacaaggggaaatccgtaaacccgctgcgttatttgccgcagcgataaatcggcggaaccaggcttttgcttgaatgttccgtcaagggatcacgggtaggagccac,['ccgggaacaacaagaagttaaggcggggcaaaaaatagcgaccatgggtagcaccggaaccagttcaacacgcttgcattttgaaattcgttacaaggggaaatccgtaaacccgctgcgttatttgccgcagcgataaatcggcggaaccaggcttttgcttgaatgttccgtcaagggatcacgggtaggagccac']
194,294_BBa_J96040.xml,[],[],0,FALSE,479,[],[],479,ccgaagccgcttggaataaggccggtgtgcgtttgtctatatgttattttccaccatattgccgtcttttggcaatgtgagggcccggaaacctggccctgtcttcttgacgagcattcctaggggtctttcccctctcgccaaaggaatgcaaggtctgttgaatgtcgtgaaggaagcagttcctctggaagcttcttgaagacaaacaacgtctgtagcgaccctttgcaggcagcggaaccccccacctggcgacaggtgcctctgcggccaaaagccacgtgtataagatacacctgcaaaggcggcacaaccccagtgccacgttgtgagttggatagttgtggaaagagtcaaatggctctcctcaagcgtattcaacaaggggctgaaggatgcccagaaggtaccccattgtatgggatctgatctggggcctcggtgcacatgctttacatgtgtttagtcgaggttaa,['ccgaagccgcttggaataaggccggtgtgcgtttgtctatatgttattttccaccatattgccgtcttttggcaatgtgagggcccggaaacctggccctgtcttcttgacgagcattcctaggggtctttcccctctcgccaaaggaatgcaaggtctgttgaatgtcgtgaaggaagcagttcctctggaagcttcttgaagacaaacaacgtctgtagcgaccctttgcaggcagcggaaccccccacctggcgacaggtgcctctgcggccaaaagccacgtgtataagatacacctgcaaaggcggcacaaccccagtgccacgttgtgagttggatagttgtggaaagagtcaaatggctctcctcaagcgtattcaacaaggggctgaaggatgcccagaaggtaccccattgtatgggatctgatctggggcctcggtgcacatgctttacatgtgtttagtcgaggttaa']
195,295_BBa_K165002.xml,['annotation1'],['0005836'],1,TRUE,0,['regulatory_region'],"[[7, 16]]",0,,['']
196,296_BBa_K1403011.xml,[],[],0,FALSE,10,[],[],10,cggaggtacc,['cggaggtacc']
197,297_BBa_K1676073.xml,[],[],0,FALSE,0,[],[],0,,['']
198,298_BBa_M36068.xml,[],[],0,FALSE,105,[],[],105,gttgattacgatcaaagttgattacgatcaaattgattacgatcaaagtcgactctagagggtatataatggatctcgagatatcggagctcgtttagtgaaccg,['gttgattacgatcaaagttgattacgatcaaattgattacgatcaaagtcgactctagagggtatataatggatctcgagatatcggagctcgtttagtgaaccg']
199,299_BBa_K1605020.xml,[],[],0,FALSE,0,[],[],0,,['']
200,300_BBa_J95016.xml,[],[],0,FALSE,0,[],[],0,,['']
201,301_BBa_K208102.xml,[],[],0,FALSE,0,[],[],0,,['']
202,302_BBa_K356105.xml,[],[],0,FALSE,0,[],[],0,,['']
203,303_BBa_K1605012.xml,[],[],0,FALSE,0,[],[],0,,['']
204,304_BBa_J119390.xml,[],[],0,FALSE,0,[],[],0,,['']
205,305_BBa_K1419003.xml,['annotation1'],['0000139'],1,FALSE,14,[],"[[11, 22]]",14,ataatcatgaccgg,['cgg']
206,306_BBa_J64968.xml,[],[],0,FALSE,0,[],[],0,,['']
207,307_BBa_K356106.xml,[],[],0,FALSE,0,[],[],0,,['']
208,308_BBa_K1799012.xml,[],[],0,FALSE,0,[],[],0,,['']
209,309_BBa_M36917.xml,[],[],0,FALSE,66,[],[],66,taaaacttgatagtggcgtcgactcacgcgtatacccctcggttaatgagaaaaaacttaaccgga,['taaaacttgatagtggcgtcgactcacgcgtatacccctcggttaatgagaaaaaacttaaccgga']
210,310_BBa_K1605006.xml,['annotation1'],['0000139'],1,FALSE,0,[],"[[2, 10]]",0,,['']
211,311_BBa_J15001.xml,[],[],0,FALSE,0,[],[],0,,['']
212,312_BBa_I742163.xml,[],[],0,FALSE,1,[],[],1,t,['t']
213,313_BBa_I742159.xml,[],[],0,FALSE,0,[],[],0,,['']
214,314_BBa_I742150.xml,[],[],0,FALSE,17,[],[],17,cgtttataaggacagcc,['cgtttataaggacagcc']
215,315_BBa_I742156.xml,[],[],0,FALSE,0,[],[],0,,['']
216,316_BBa_I742153.xml,[],[],0,FALSE,0,[],[],0,,['']
217,317_BBa_K1994007.xml,[],[],0,FALSE,5,[],[],5,aaaca,['aaaca']
218,318_BBa_K1799011.xml,[],[],0,FALSE,0,[],[],0,,['']
219,319_BBa_I723014.xml,[],[],0,FALSE,0,[],[],0,,['']
220,320_BBa_K1100014.xml,['annotation1'],['0000110'],1,TRUE,81,['sequence_feature'],"[[1, 15]]",81,gcagcaacgatgttacgcagcagggcagtcgccctaaaacaaagttaggcagcacggagacacttcagcatgggtggaggt,['cagcaacgatgtta']
221,321_BBa_K1994004.xml,[],[],0,FALSE,22,[],[],22,gacaattaatagggaggttctc,['gacaattaatagggaggttctc']
222,322_BBa_K566037.xml,[],[],0,FALSE,0,[],[],0,,['']
223,323_BBa_K1017202.xml,[],[],0,FALSE,0,[],[],0,,['']
224,324_BBa_K1461000.xml,['annotation1'],['0000139'],1,FALSE,27,[],"[[35, 46]]",27,gatttgggtattaaagaggagaaaggt,['']
225,325_BBa_K1676002.xml,[],[],0,FALSE,0,[],[],0,,['']
226,326_BBa_K2042003.xml,[],[],0,FALSE,0,[],[],0,,['']
227,327_BBa_J119053.xml,"['annotation3', 'annotation2', 'annotation1']","['0001411', '0000316', '0001411']",3,TRUE,845,"['biological_region', 'CDS', 'biological_region']","[[850, 870], [169, 846], [1, 22]]",845,gtcttccgacttgacggctagctcagtcctaggtacagtgctagcgcgggaagacaactaggggcccaagttcacttaaaaaggagatcaacaatgaaagcaattttcgtactgaaacatcttaatcatgcgacggagcgtttctaatggcttcctccgaagatgttatcaaagagttcatgcgtttcaaagttcgtatggaaggttccgttaacggtcacgagttcgaaatcgaaggtgaaggtgaaggtcgtccgtacgaaggtacccagaccgctaaactgaaagttaccaaaggtggtccgctgccgttcgcttgggacatcctgtccccgcagttccagtacggttccaaagcttacgttaaacacccggctgacatcccggactacctgaaactgtccttcccggaaggtttcaaatgggaacgtgttatgaacttcgaagatggtggtgttgttaccgttacccaggactcctccctgcaagacggtgagttcatctacaaagttaaactgcgtggtaccaacttcccgtccgacggtccggttatgcagaaaaaaaccatgggttgggaagcttccaccgaacgtatgtacccggaagatggtgctctgaaaggtgaaatcaaaatgcgtctgaaactgaaagacggtggtcactacgacgctgaagttaaaaccacctacatggctaaaaaaccggttcagctgccgggtgcttacaaaaccgacatcaaactggacatcacctcccacaacgaagattacaccatcgttgaacagtacgaacgtgctgaaggtcgtcactccaccggtgcttaataatactagtagcggccgctg,"['', 'caaagagttcatgcgtttcaaagttcgtatggaaggttccgttaacggtcacgagttcgaaatcgaaggtgaaggtgaaggtcgtccgtacgaaggtacccagaccgctaaactgaaagttaccaaaggtggtccgctgccgttcgcttgggacatcctgtccccgcagttccagtacggttccaaagcttacgttaaacacccggctgacatcccggactacctgaaactgtccttcccggaaggtttcaaatgggaacgtgttatgaacttcgaagatggtggtgttgttaccgttacccaggactcctccctgcaagacggtgagttcatctacaaagttaaactgcgtggtaccaacttcccgtccgacggtccggttatgcagaaaaaaaccatgggttgggaagcttccaccgaacgtatgtacccggaagatggtgctctgaaaggtgaaatcaaaatgcgtctgaaactgaaagacggtggtcactacgacgctgaagttaaaaccacctacatggctaaaaaaccggttcagctgccgggtgcttacaaaaccgacatcaaactggacatcacctcccacaacgaagattacaccatcgttgaacagtacgaacgtgctgaaggtcgtcactccaccggtgcttaataatactagtagcggccgctg', 'tcttccgacttgacggctagc']"
228,328_BBa_K2138002.xml,"['annotation2', 'annotation7', 'annotation6', 'annotation3', 'annotation4', 'annotation8', 'annotation5', 'annotation1']","['0001411', '0000141', '0000316', '0000141', '0000296', '0001411', '0000141', '0001411']",8,TRUE,2150,"['biological_region', 'terminator', 'CDS', 'terminator', 'origin_of_replication', 'biological_region', 'terminator', 'biological_region']","[[106, 126], [2108, 2151], [1265, 1924], [127, 184], [379, 967], [2154, 2175], [1150, 1244], [1, 22]]",2150,gttgacggctagctcagtcctaggtacagtgctagctatctattattcatatcatatatctatatcatcaaaagacaggaccctactagtagcggccgctgcagtccggcaaaaaagggcaaggtgtcaccaccctgccctttttctttaaaaccgaaaagattacttcgcgttatgcaggcttcctcgctcactgactcgctgcgctcggtcgttcggctgcggcgagcggtatcagctcactcaaaggcggtaatacggttatccacagaatcaggggataacgcaggaaagaacatgtgagcaaaaggccagcaaaaggccaggaaccgtaaaaaggccgcgttgctggcgtttttccacaggctccgcccccctgacgagcatcacaaaaatcgacgctcaagtcagaggtggcgaaacccgacaggactataaagataccaggcgtttccccctggaagctccctcgtgcgctctcctgttccgaccctgccgcttaccggatacctgtccgcctttctcccttcgggaagcgtggcgctttctcatagctcacgctgtaggtatctcagttcggtgtaggtcgttcgctccaagctgggctgtgtgcacgaaccccccgttcagcccgaccgctgcgccttatccggtaactatcgtcttgagtccaacccggtaagacacgacttatcgccactggcagcagccactggtaacaggattagcagagcgaggtatgtaggcggtgctacagagttcttgaagtggtggcctaactacggctacactagaagaacagtatttggtatctgcgctctgctgaagccagttaccttcggaaaaagagttggtagctcttgatccggcaaacaaaccaccgctggtagcggtggtttttttgtttgcaagcagcagattacgcgcagaaaaaaaggatctcaagaagatcctttgatcttttctacggggtctgacgctcagtggaacgaaaactcacgttaagggattttggtcatgagattatcaaaaaggatcttcacctagatccttttaaattaaaaatgaagttttaaatcaatctaaagtatatatgagtaaacttggtctgacagctcgaggcttggattctcaccaataaaaaacgcccggcggcaaccgagcgttctgaacaaatccagatggagttctgaggtcattactggatctatcaacaggagtccaagcgagctcgatatcaaattacgccccgccctgccactcatcgcagtactgttgtaattcattaagcattctgccgacatggaagccatcacaaacggcatgatgaacctgaatcgccagcggcatcagcaccttgtcgccttgcgtataatatttgcccatggtgaaaacgggggcgaagaagttgtccatattggccacgtttaaatcaaaactggtgaaactcacccagggattggctgagacgaaaaacatattctcaataaaccctttagggaaataggccaggttttcaccgtaacacgccacatcttgcgaatatatgtgtagaaactgccggaaatcgtcgtggtattcactccagagcgatgaaaacgtttcagtttgctcatggaaaacggtgtaacaagggtgaacactatcccatatcaccagctcaccgtctttcattgccatacgaaattccggatgagcattcatcaggcgggcaagaatgtgaataaaggccggataaaacttgtgcttatttttctttacggtctttaaaaaggccgtaatatccagctgaacggtctggttataggtacattgagcaactgactgaaatgcctcaaaatgttctttacgatgccattgggatatatcaacggtggtatatccagtgatttttttctccattttagcttccttagctcctgaaaatctcgataactcaaaaaatacgcccggtagtgatcttatttcattatggtgaaagttggaacctcttacgtgcccgatcaactcgagtgccacctgacgtctaagaaaccattattatcatgacattaacctataaaaataggcgtatcacgaggcagaatttcagataaaaaaaatccttagctttcgctaaggatgatttctggaattcgcggccgcttcta,"['cggcaaaaaagggcaaggtg', 'gctttcgctaaggatgatttctggaattcgcggccgcttcta', 'cgcagtactgttgtaattcattaagcattctgccgacatggaagccatcacaaacggcatgatgaacctgaatcgccagcggcatcagcaccttgtcgccttgcgtataatatttgcccatggtgaaaacgggggcgaagaagttgtccatattggccacgtttaaatcaaaactggtgaaactcacccagggattggctgagacgaaaaacatattctcaataaaccctttagggaaataggccaggttttcaccgtaacacgccacatcttgcgaatatatgtgtagaaactgccggaaatcgtcgtggtattcactccagagcgatgaaaacgtttcagtttgctcatggaaaacggtgtaacaagggtgaacactatcccatatcaccagctcaccgtctttcattgccatacgaaattccggatgagcattcatcaggcgggcaagaatgtgaataaaggccggataaaacttgtgcttatttttctttacggtctttaaaaaggccgtaatatccagctgaacggtctggttataggtacattgagcaactgactgaaatgcctcaaaatgttctttacgatgccattgggatatatcaacggtggtatatccagtgatttttttctccattttagcttccttagctcctgaa', 'caccaccctgccctttttctttaaaaccgaaaagattacttcgcgttatgcaggctt', 'acgagcatcacaaaaatcgacgctcaagtcagaggtggcgaaacccgacaggactataaagataccaggcgtttccccctggaagctccctcgtgcgctctcctgttccgaccctgccgcttaccggatacctgtccgcctttctcccttcgggaagcgtggcgctttctcatagctcacgctgtaggtatctcagttcggtgtaggtcgttcgctccaagctgggctgtgtgcacgaaccccccgttcagcccgaccgctgcgccttatccggtaactatcgtcttgagtccaacccggtaagacacgacttatcgccactggcagcagccactggtaacaggattagcagagcgaggtatgtaggcggtgctacagagttcttgaagtggtggcctaactacggctacactagaagaacagtatttggtatctgcgctctgctgaagccagttaccttcggaaaaagagttggtagctcttgatccggcaaacaaaccaccgctggtagcggtggtttttttgtttgcaagcagcagattacgcgcagaaaaaaaggatctcaagaagatcctttgatcttttcta', '', 'ggcggcaaccgagcgttctgaacaaatccagatggagttctgaggtcattactggatctatcaacaggagtccaagcgagctcgatatcaaatt', 'ttgacggctagctcagtccta']"
229,329_BBa_K2138000.xml,"['annotation8', 'annotation4', 'annotation2', 'annotation5', 'annotation3', 'annotation6', 'annotation7', 'annotation1']","['0001411', '0000296', '0001411', '0000141', '0000141', '0000316', '0000141', '0001411']",8,TRUE,2162,"['biological_region', 'origin_of_replication', 'biological_region', 'terminator', 'terminator', 'CDS', 'terminator', 'biological_region']","[[2166, 2187], [391, 979], [118, 138], [1162, 1256], [139, 196], [1277, 1936], [2120, 2163], [1, 22]]",2162,gttgacggctagctcagtcctaggtacagtgctagctggaaaaccactgcttaacttcaataataacttttaaatactcattaaagacaggaccctactagtagcggccgctgcagtccggcaaaaaagggcaaggtgtcaccaccctgccctttttctttaaaaccgaaaagattacttcgcgttatgcaggcttcctcgctcactgactcgctgcgctcggtcgttcggctgcggcgagcggtatcagctcactcaaaggcggtaatacggttatccacagaatcaggggataacgcaggaaagaacatgtgagcaaaaggccagcaaaaggccaggaaccgtaaaaaggccgcgttgctggcgtttttccacaggctccgcccccctgacgagcatcacaaaaatcgacgctcaagtcagaggtggcgaaacccgacaggactataaagataccaggcgtttccccctggaagctccctcgtgcgctctcctgttccgaccctgccgcttaccggatacctgtccgcctttctcccttcgggaagcgtggcgctttctcatagctcacgctgtaggtatctcagttcggtgtaggtcgttcgctccaagctgggctgtgtgcacgaaccccccgttcagcccgaccgctgcgccttatccggtaactatcgtcttgagtccaacccggtaagacacgacttatcgccactggcagcagccactggtaacaggattagcagagcgaggtatgtaggcggtgctacagagttcttgaagtggtggcctaactacggctacactagaagaacagtatttggtatctgcgctctgctgaagccagttaccttcggaaaaagagttggtagctcttgatccggcaaacaaaccaccgctggtagcggtggtttttttgtttgcaagcagcagattacgcgcagaaaaaaaggatctcaagaagatcctttgatcttttctacggggtctgacgctcagtggaacgaaaactcacgttaagggattttggtcatgagattatcaaaaaggatcttcacctagatccttttaaattaaaaatgaagttttaaatcaatctaaagtatatatgagtaaacttggtctgacagctcgaggcttggattctcaccaataaaaaacgcccggcggcaaccgagcgttctgaacaaatccagatggagttctgaggtcattactggatctatcaacaggagtccaagcgagctcgatatcaaattacgccccgccctgccactcatcgcagtactgttgtaattcattaagcattctgccgacatggaagccatcacaaacggcatgatgaacctgaatcgccagcggcatcagcaccttgtcgccttgcgtataatatttgcccatggtgaaaacgggggcgaagaagttgtccatattggccacgtttaaatcaaaactggtgaaactcacccagggattggctgagacgaaaaacatattctcaataaaccctttagggaaataggccaggttttcaccgtaacacgccacatcttgcgaatatatgtgtagaaactgccggaaatcgtcgtggtattcactccagagcgatgaaaacgtttcagtttgctcatggaaaacggtgtaacaagggtgaacactatcccatatcaccagctcaccgtctttcattgccatacgaaattccggatgagcattcatcaggcgggcaagaatgtgaataaaggccggataaaacttgtgcttatttttctttacggtctttaaaaaggccgtaatatccagctgaacggtctggttataggtacattgagcaactgactgaaatgcctcaaaatgttctttacgatgccattgggatatatcaacggtggtatatccagtgatttttttctccattttagcttccttagctcctgaaaatctcgataactcaaaaaatacgcccggtagtgatcttatttcattatggtgaaagttggaacctcttacgtgcccgatcaactcgagtgccacctgacgtctaagaaaccattattatcatgacattaacctataaaaataggcgtatcacgaggcagaatttcagataaaaaaaatccttagctttcgctaaggatgatttctggaattcgcggccgcttcta,"['', 'acgagcatcacaaaaatcgacgctcaagtcagaggtggcgaaacccgacaggactataaagataccaggcgtttccccctggaagctccctcgtgcgctctcctgttccgaccctgccgcttaccggatacctgtccgcctttctcccttcgggaagcgtggcgctttctcatagctcacgctgtaggtatctcagttcggtgtaggtcgttcgctccaagctgggctgtgtgcacgaaccccccgttcagcccgaccgctgcgccttatccggtaactatcgtcttgagtccaacccggtaagacacgacttatcgccactggcagcagccactggtaacaggattagcagagcgaggtatgtaggcggtgctacagagttcttgaagtggtggcctaactacggctacactagaagaacagtatttggtatctgcgctctgctgaagccagttaccttcggaaaaagagttggtagctcttgatccggcaaacaaaccaccgctggtagcggtggtttttttgtttgcaagcagcagattacgcgcagaaaaaaaggatctcaagaagatcctttgatcttttcta', 'cggcaaaaaagggcaaggtg', 'ggcggcaaccgagcgttctgaacaaatccagatggagttctgaggtcattactggatctatcaacaggagtccaagcgagctcgatatcaaatt', 'caccaccctgccctttttctttaaaaccgaaaagattacttcgcgttatgcaggctt', 'cgcagtactgttgtaattcattaagcattctgccgacatggaagccatcacaaacggcatgatgaacctgaatcgccagcggcatcagcaccttgtcgccttgcgtataatatttgcccatggtgaaaacgggggcgaagaagttgtccatattggccacgtttaaatcaaaactggtgaaactcacccagggattggctgagacgaaaaacatattctcaataaaccctttagggaaataggccaggttttcaccgtaacacgccacatcttgcgaatatatgtgtagaaactgccggaaatcgtcgtggtattcactccagagcgatgaaaacgtttcagtttgctcatggaaaacggtgtaacaagggtgaacactatcccatatcaccagctcaccgtctttcattgccatacgaaattccggatgagcattcatcaggcgggcaagaatgtgaataaaggccggataaaacttgtgcttatttttctttacggtctttaaaaaggccgtaatatccagctgaacggtctggttataggtacattgagcaactgactgaaatgcctcaaaatgttctttacgatgccattgggatatatcaacggtggtatatccagtgatttttttctccattttagcttccttagctcctgaa', 'gctttcgctaaggatgatttctggaattcgcggccgcttcta', 'ttgacggctagctcagtccta']"
230,330_BBa_K2138001.xml,"['annotation1', 'annotation2', 'annotation8', 'annotation7', 'annotation5', 'annotation3', 'annotation9', 'annotation4', 'annotation6']","['0001411', '0001411', '0000141', '0000316', '0000296', '0001411', '0001411', '0000141', '0000141']",9,TRUE,2258,"['biological_region', 'biological_region', 'terminator', 'CDS', 'origin_of_replication', 'biological_region', 'biological_region', 'terminator', 'terminator']","[[1, 22], [193, 213], [2216, 2259], [1373, 2032], [487, 1075], [214, 234], [2262, 2283], [235, 292], [1258, 1352]]",2258,gttgacggctagctcagtcctaggtacagtgctagcttttaaattacaattatttacaaacttaaattataccaaaataaaaattaataaaatacaaacaaataaaaatacatttaatacaaatattttaaacaataaattaacatataaaaataaaaaagacaggaccctactagtagcggccgctgcagtactagtagcggccgctgcagtccggcaaaaaagggcaaggtgtcaccaccctgccctttttctttaaaaccgaaaagattacttcgcgttatgcaggcttcctcgctcactgactcgctgcgctcggtcgttcggctgcggcgagcggtatcagctcactcaaaggcggtaatacggttatccacagaatcaggggataacgcaggaaagaacatgtgagcaaaaggccagcaaaaggccaggaaccgtaaaaaggccgcgttgctggcgtttttccacaggctccgcccccctgacgagcatcacaaaaatcgacgctcaagtcagaggtggcgaaacccgacaggactataaagataccaggcgtttccccctggaagctccctcgtgcgctctcctgttccgaccctgccgcttaccggatacctgtccgcctttctcccttcgggaagcgtggcgctttctcatagctcacgctgtaggtatctcagttcggtgtaggtcgttcgctccaagctgggctgtgtgcacgaaccccccgttcagcccgaccgctgcgccttatccggtaactatcgtcttgagtccaacccggtaagacacgacttatcgccactggcagcagccactggtaacaggattagcagagcgaggtatgtaggcggtgctacagagttcttgaagtggtggcctaactacggctacactagaagaacagtatttggtatctgcgctctgctgaagccagttaccttcggaaaaagagttggtagctcttgatccggcaaacaaaccaccgctggtagcggtggtttttttgtttgcaagcagcagattacgcgcagaaaaaaaggatctcaagaagatcctttgatcttttctacggggtctgacgctcagtggaacgaaaactcacgttaagggattttggtcatgagattatcaaaaaggatcttcacctagatccttttaaattaaaaatgaagttttaaatcaatctaaagtatatatgagtaaacttggtctgacagctcgaggcttggattctcaccaataaaaaacgcccggcggcaaccgagcgttctgaacaaatccagatggagttctgaggtcattactggatctatcaacaggagtccaagcgagctcgatatcaaattacgccccgccctgccactcatcgcagtactgttgtaattcattaagcattctgccgacatggaagccatcacaaacggcatgatgaacctgaatcgccagcggcatcagcaccttgtcgccttgcgtataatatttgcccatggtgaaaacgggggcgaagaagttgtccatattggccacgtttaaatcaaaactggtgaaactcacccagggattggctgagacgaaaaacatattctcaataaaccctttagggaaataggccaggttttcaccgtaacacgccacatcttgcgaatatatgtgtagaaactgccggaaatcgtcgtggtattcactccagagcgatgaaaacgtttcagtttgctcatggaaaacggtgtaacaagggtgaacactatcccatatcaccagctcaccgtctttcattgccatacgaaattccggatgagcattcatcaggcgggcaagaatgtgaataaaggccggataaaacttgtgcttatttttctttacggtctttaaaaaggccgtaatatccagctgaacggtctggttataggtacattgagcaactgactgaaatgcctcaaaatgttctttacgatgccattgggatatatcaacggtggtatatccagtgatttttttctccattttagcttccttagctcctgaaaatctcgataactcaaaaaatacgcccggtagtgatcttatttcattatggtgaaagttggaacctcttacgtgcccgatcaactcgagtgccacctgacgtctaagaaaccattattatcatgacattaacctataaaaataggcgtatcacgaggcagaatttcagataaaaaaaatccttagctttcgctaaggatgatttctggaattcgcggccgcttcta,"['ttgacggctagctcagtccta', 'ctagtagcggccgctgcagt', 'gctttcgctaaggatgatttctggaattcgcggccgcttcta', 'cgcagtactgttgtaattcattaagcattctgccgacatggaagccatcacaaacggcatgatgaacctgaatcgccagcggcatcagcaccttgtcgccttgcgtataatatttgcccatggtgaaaacgggggcgaagaagttgtccatattggccacgtttaaatcaaaactggtgaaactcacccagggattggctgagacgaaaaacatattctcaataaaccctttagggaaataggccaggttttcaccgtaacacgccacatcttgcgaatatatgtgtagaaactgccggaaatcgtcgtggtattcactccagagcgatgaaaacgtttcagtttgctcatggaaaacggtgtaacaagggtgaacactatcccatatcaccagctcaccgtctttcattgccatacgaaattccggatgagcattcatcaggcgggcaagaatgtgaataaaggccggataaaacttgtgcttatttttctttacggtctttaaaaaggccgtaatatccagctgaacggtctggttataggtacattgagcaactgactgaaatgcctcaaaatgttctttacgatgccattgggatatatcaacggtggtatatccagtgatttttttctccattttagcttccttagctcctgaa', 'acgagcatcacaaaaatcgacgctcaagtcagaggtggcgaaacccgacaggactataaagataccaggcgtttccccctggaagctccctcgtgcgctctcctgttccgaccctgccgcttaccggatacctgtccgcctttctcccttcgggaagcgtggcgctttctcatagctcacgctgtaggtatctcagttcggtgtaggtcgttcgctccaagctgggctgtgtgcacgaaccccccgttcagcccgaccgctgcgccttatccggtaactatcgtcttgagtccaacccggtaagacacgacttatcgccactggcagcagccactggtaacaggattagcagagcgaggtatgtaggcggtgctacagagttcttgaagtggtggcctaactacggctacactagaagaacagtatttggtatctgcgctctgctgaagccagttaccttcggaaaaagagttggtagctcttgatccggcaaacaaaccaccgctggtagcggtggtttttttgtttgcaagcagcagattacgcgcagaaaaaaaggatctcaagaagatcctttgatcttttcta', 'cggcaaaaaagggcaaggtg', '', 'caccaccctgccctttttctttaaaaccgaaaagattacttcgcgttatgcaggctt', 'ggcggcaaccgagcgttctgaacaaatccagatggagttctgaggtcattactggatctatcaacaggagtccaagcgagctcgatatcaaatt']"
231,331_BBa_J52789.xml,"['annotation3', 'annotation1', 'annotation2']","['0001411', '0000165', '0000167']",3,TRUE,669,"['biological_region', 'terminator_of_type_2_RNApol_III_promoter', 'promoter']","[[674, 694], [47, 426], [427, 630]]",669,atgtacgggccagatatacgcgttgacattgattattgcctagttattaatagtaatcaattacggggtcattagttcatagcccatatatggagttccgcgttacataacttacggtaaatggcccgcctggctgaccgcccaacgacccccgcccattgacgtcaataatgacgtatgttcccatagtaacgccaatagggactttccattgacgtcaatgggtggagtatttacggtaaactgcccacttggcagtacatcaagtgtatcatatgccaagtacgccccctattgacgtcaatgacggtaaatggcccgcctggcattatgcccagtacatgaccttatgggactttcctacttggcagtacatctacgtattagtcatcgctattaccatggtgatgcggttttggcagtacatcaatgggcgtggatagcggtttgactcacggggatttccaagtctccaccccattgacgtcaatgggagtttgttttggcaccaaaatcaacgggactttccaaaatgtcgtaacaactccgccccattgacgcaaatgggcggtaggcgtgtacggtgggaggtctatataagcagagctctctggctaactagagaacccactgcttactggcttatcgaaatactagtagcggccgctg,"['', 'taatagtaatcaattacggggtcattagttcatagcccatatatggagttccgcgttacataacttacggtaaatggcccgcctggctgaccgcccaacgacccccgcccattgacgtcaataatgacgtatgttcccatagtaacgccaatagggactttccattgacgtcaatgggtggagtatttacggtaaactgcccacttggcagtacatcaagtgtatcatatgccaagtacgccccctattgacgtcaatgacggtaaatggcccgcctggcattatgcccagtacatgaccttatgggactttcctacttggcagtacatctacgtattagtcatcgctattaccatggtgatgcggttttggcagtaca', 'caatgggcgtggatagcggtttgactcacggggatttccaagtctccaccccattgacgtcaatgggagtttgttttggcaccaaaatcaacgggactttccaaaatgtcgtaacaactccgccccattgacgcaaatgggcggtaggcgtgtacggtgggaggtctatataagcagagctctctggctaactagagaaccca']"
232,332_BBa_K812058.xml,[],[],0,FALSE,23,[],[],23,agagacttactagtgagaccctg,['agagacttactagtgagaccctg']
233,333_BBa_K812059.xml,[],[],0,FALSE,23,[],[],23,catgagttactagtgagaccctg,['catgagttactagtgagaccctg']
234,334_BBa_K812053.xml,['annotation1'],['0000139'],1,FALSE,22,[],"[[18, 29]]",22,ggagaaatactagtgagaccct,['ccct']
235,335_BBa_J95021.xml,[],[],0,FALSE,0,[],[],0,,['']
236,336_BBa_K393002.xml,[],[],0,FALSE,0,[],[],0,,['']
237,337_BBa_I742146.xml,[],[],0,FALSE,0,[],[],0,,['']
238,338_BBa_J64026.xml,[],[],0,FALSE,0,[],[],0,,['']
239,339_BBa_K1895001.xml,[],[],0,FALSE,0,[],[],0,,['']
240,340_BBa_M13501.xml,[],[],0,FALSE,0,[],[],0,,['']
241,341_BBa_I723012.xml,[],[],0,FALSE,0,[],[],0,,['']
242,342_BBa_K208100.xml,[],[],0,FALSE,0,[],[],0,,['']
243,343_BBa_K641004.xml,[],[],0,FALSE,0,[],[],0,,['']
244,344_BBa_K1100075.xml,[],[],0,FALSE,9,[],[],9,acaacaaga,['acaacaaga']
245,345_BBa_K1993016.xml,['annotation1'],['0001411'],1,TRUE,563,['biological_region'],"[[2, 588]]",563,taacgttactggccgaagccgcttggaataaggccggtgtgcgtttgtctatatgttattttccaccatattgccgtcttttggcaatgtgagggcccggaaacctggccctgtcttcttgacgagcattcctaggggtctttcccctctcgccaaaggaatgcaaggtctgttgaatgtcgtgaaggaagcagttcctctggaagcttcttgaagacaaacaacgtctgtagcgaccctttgcaggcagcggaaccccccacctggcgacaggtgcctctgcggccaaaagccacgtgtataagatacacctgcaaaggcggcacaaccccagtgccacgttgtgagttggatagttgtggaaagagtcaaatggctctcctcaagcgtattcaacaaggggctgaaggatgcccagaaggtaccccattgtatgggatctgatctggggcctcggtacacatgctttacatgtgtttagtcgaggttaaaaaaacgtctaggccccccgaaccacggggacgtggttttcctttgaaaaacacgatgataatatggccaca,['acgttactggccgaagccgcttggaataaggccggtgtgcgtttgtctatatgttattttccaccatattgccgtcttttggcaatgtgagggcccggaaacctggccctgtcttcttgacgagcattcctaggggtctttcccctctcgccaaaggaatgcaaggtctgttgaatgtcgtgaaggaagcagttcctctggaagcttcttgaagacaaacaacgtctgtagcgaccctttgcaggcagcggaaccccccacctggcgacaggtgcctctgcggccaaaagccacgtgtataagatacacctgcaaaggcggcacaaccccagtgccacgttgtgagttggatagttgtggaaagagtcaaatggctctcctcaagcgtattcaacaaggggctgaaggatgcccagaaggtaccccattgtatgggatctgatctggggcctcggtacacatgctttacatgtgtttagtcgaggttaaaaaaacgtctaggccccccgaaccacggggacgtggttttcctttgaaaaacacgatgataatatggccaca']
246,346_BBa_K2116094.xml,[],[],0,FALSE,7,[],[],7,aattact,['aattact']
247,347_BBa_K1875001.xml,[],[],0,FALSE,0,[],[],0,,['']
248,348_BBa_K1084103.xml,[],[],0,FALSE,8,[],[],8,ccaatagg,['ccaatagg']
249,349_BBa_K1084101.xml,[],[],0,FALSE,8,[],[],8,ccaattcc,['ccaattcc']
250,350_BBa_K1084102.xml,[],[],0,FALSE,8,[],[],8,ccaattcg,['ccaattcg']
251,351_BBa_K1084104.xml,[],[],0,FALSE,8,[],[],8,ccataagg,['ccataagg']
252,352_BBa_J34810.xml,[],[],0,FALSE,0,[],[],0,,['']
253,353_BBa_K1100000.xml,[],[],0,FALSE,50,[],[],50,gcagggcagtcgccctaaaacaaagttaggcagcacggagacacttcagc,['gcagggcagtcgccctaaaacaaagttaggcagcacggagacacttcagc']
254,354_BBa_K1100001.xml,[],[],0,FALSE,62,[],[],62,gcagggcagtcgccctaaaacaaagttaggcagcacggagacacttcagcatgggtggaggt,['gcagggcagtcgccctaaaacaaagttaggcagcacggagacacttcagcatgggtggaggt']
255,355_BBa_J95018.xml,[],[],0,FALSE,0,[],[],0,,['']
256,356_BBa_K208105.xml,[],[],0,FALSE,0,[],[],0,,['']
257,357_BBa_J95028.xml,[],[],0,FALSE,0,[],[],0,,['']
258,358_BBa_K208104.xml,[],[],0,FALSE,0,[],[],0,,['']
259,359_BBa_K1841003.xml,[],[],0,FALSE,0,[],[],0,,['']
260,360_BBa_K208108.xml,[],[],0,FALSE,0,[],[],0,,['']
261,361_BBa_K792001.xml,[],[],0,FALSE,0,[],[],0,,['']
262,362_BBa_M50007.xml,[],[],0,FALSE,13,[],[],13,agaaggagatata,['agaaggagatata']
263,363_BBa_M50008.xml,[],[],0,FALSE,14,[],[],14,cagaaggagatata,['cagaaggagatata']
264,364_BBa_K1893033.xml,[],[],0,FALSE,0,[],[],0,,['']
265,365_BBa_K1605016.xml,[],[],0,FALSE,0,[],[],0,,['']
266,366_BBa_K1100072.xml,[],[],0,FALSE,7,[],[],7,aacaaga,['aacaaga']
267,367_BBa_K1100071.xml,[],[],0,FALSE,7,[],[],7,aacaaga,['aacaaga']
268,368_BBa_K1442023.xml,['annotation1'],['0001411'],1,TRUE,600,['biological_region'],"[[46, 617]]",600,tccctctagcgggatcaattccgcccctctccctccccccccggtaacgttactggccgaagccgcttggaataaggccggtgtgcgtttgtctatatgttattttccaccatattgccgtcttttggcaatgtgagggcccggaaacctggccctgtcttcttgacgagcattcctaggggtctttcccctctcgccaaaggaatgcaaggtctgttgaatgtcgtgaaggaagcagttcctctggaagcttcttgaagacaaacaacgtctgtagcgaccctttgcaggcagcggaaccccccacctggcgacaggtgcctctgcggccaaaagccacgtgtataagatacacctgcaaaggcggcacaaccccagtgccacgttgtgagttggatagttgtggaaagagtcaaatggctctcctcaagcgtattcaacaaggggctgaaggatgcccagaaggtaccccattgtatgggatctgatctggggcctcggtgcacatgctttacatgtgtttagtcgaggttaaaaaacgtctaggccccccgaaccacggggacgtggttttcctttgaaaaacacgataatacctgt,['acgttactggccgaagccgcttggaataaggccggtgtgcgtttgtctatatgttattttccaccatattgccgtcttttggcaatgtgagggcccggaaacctggccctgtcttcttgacgagcattcctaggggtctttcccctctcgccaaaggaatgcaaggtctgttgaatgtcgtgaaggaagcagttcctctggaagcttcttgaagacaaacaacgtctgtagcgaccctttgcaggcagcggaaccccccacctggcgacaggtgcctctgcggccaaaagccacgtgtataagatacacctgcaaaggcggcacaaccccagtgccacgttgtgagttggatagttgtggaaagagtcaaatggctctcctcaagcgtattcaacaaggggctgaaggatgcccagaaggtaccccattgtatgggatctgatctggggcctcggtgcacatgctttacatgtgtttagtcgaggttaaaaaacgtctaggccccccgaaccacggggacgtggttttcctttgaaaaacacgataatacctgt']
269,369_BBa_K1442024.xml,[],[],0,FALSE,642,[],[],642,ggttccttccatcctccaaaggtgaccaataatagtttgtaagtatcattatgaactaatgaattttcaacatatttgatatatttcaatccattgccatcattgttcttatcgatatttgagttggctcactttgccagtaagagtctattcaaattggcttctgagtccatttgacacaacacctttgatctttgacagtttccttggttttaggtgctagatgatttctcaggctcaccttagacatttcctgccacagacttagaatcagccatttctctaaggaccctgattccatttcatgagaaatgatagagaccacaatcaaaacaagtcatgaatttatactgatattttcaattcaaattaaagatgaggtttttgctaaatttttttgagtttatatttgtatgtcttatgctgaaaaatcttgtttcctaattagtaacataattattcatttgatgggtaaatattttagggccgattctttggttttatagccaagataccctgttgataaagtcttgtgggagcaattataagactggcttattttgaagctttttaaaaaagacatccttacctgttttaactgtagattatattaacttaaataggtacagcccacgcttgtgt,['ggttccttccatcctccaaaggtgaccaataatagtttgtaagtatcattatgaactaatgaattttcaacatatttgatatatttcaatccattgccatcattgttcttatcgatatttgagttggctcactttgccagtaagagtctattcaaattggcttctgagtccatttgacacaacacctttgatctttgacagtttccttggttttaggtgctagatgatttctcaggctcaccttagacatttcctgccacagacttagaatcagccatttctctaaggaccctgattccatttcatgagaaatgatagagaccacaatcaaaacaagtcatgaatttatactgatattttcaattcaaattaaagatgaggtttttgctaaatttttttgagtttatatttgtatgtcttatgctgaaaaatcttgtttcctaattagtaacataattattcatttgatgggtaaatattttagggccgattctttggttttatagccaagataccctgttgataaagtcttgtgggagcaattataagactggcttattttgaagctttttaaaaaagacatccttacctgttttaactgtagattatattaacttaaataggtacagcccacgcttgtgt']
270,370_BBa_K1100073.xml,[],[],0,FALSE,7,[],[],7,aacaaga,['aacaaga']
271,371_BBa_K1145003.xml,[],[],0,FALSE,62,[],[],62,gggtaaaattgctccgataaaaacgcaaagtcctgcaggtcgacgccagggtggaacacaac,['gggtaaaattgctccgataaaaacgcaaagtcctgcaggtcgacgccagggtggaacacaac']
272,372_BBa_K208107.xml,[],[],0,FALSE,0,[],[],0,,['']
273,373_BBa_J64908.xml,[],[],0,FALSE,0,[],[],0,,['']
274,374_BBa_M36237.xml,[],[],0,FALSE,60,[],[],60,gagatcaacaatgaaagcaattttcgtactgaaacatcttaatcatgcacaggagacttt,['gagatcaacaatgaaagcaattttcgtactgaaacatcttaatcatgcacaggagacttt']
275,375_BBa_M36070.xml,[],[],0,FALSE,63,[],[],63,gagatcaacaatgaaagcaattttcgtactgaaacatcttaatcatgcacaggagactttcta,['gagatcaacaatgaaagcaattttcgtactgaaacatcttaatcatgcacaggagactttcta']
276,376_BBa_M36724.xml,[],[],0,FALSE,60,[],[],60,gagatcaacaatgaaagcaattttcgtactgaaacatcttaatcatgcacaggagacttt,['gagatcaacaatgaaagcaattttcgtactgaaacatcttaatcatgcacaggagacttt']
277,377_BBa_M36516.xml,[],[],0,FALSE,63,[],[],63,gagatcaacaatgaaagcaattttcgtactgaaacatcttaatcatgcaggggagggtttcta,['gagatcaacaatgaaagcaattttcgtactgaaacatcttaatcatgcaggggagggtttcta']
278,378_BBa_M36405.xml,[],[],0,FALSE,63,[],[],63,gagatcaacaatgaaagcaattttcgtactgaaacatcttaatcatgcaggggatattttctg,['gagatcaacaatgaaagcaattttcgtactgaaacatcttaatcatgcaggggatattttctg']
279,379_BBa_M36289.xml,[],[],0,FALSE,63,[],[],63,gagatcaacaatgaaagcaattttcgtactgaaacatcttaatcatgcatcggaccgtttcta,['gagatcaacaatgaaagcaattttcgtactgaaacatcttaatcatgcatcggaccgtttcta']
280,380_BBa_M36542.xml,[],[],0,FALSE,63,[],[],63,gagatcaacaatgaaagcaattttcgtactgaaacatcttaatcatgcctaggaagttttcta,['gagatcaacaatgaaagcaattttcgtactgaaacatcttaatcatgcctaggaagttttcta']
281,381_BBa_M36288.xml,[],[],0,FALSE,63,[],[],63,gagatcaacaatgaaagcaattttcgtactgaaacatcttaatcatgcgagggatggtttcta,['gagatcaacaatgaaagcaattttcgtactgaaacatcttaatcatgcgagggatggtttcta']
282,382_BBa_M36450.xml,[],[],0,FALSE,60,[],[],60,gagatcaacaatgaaagcaattttcgtactgaaacatcttaatcatgcgatggactcttt,['gagatcaacaatgaaagcaattttcgtactgaaacatcttaatcatgcgatggactcttt']
283,383_BBa_M36595.xml,[],[],0,FALSE,62,[],[],62,gagatcaacaatgaaagcaattttcgtactgaaacatcttaatcatgcgcgggagggtttct,['gagatcaacaatgaaagcaattttcgtactgaaacatcttaatcatgcgcgggagggtttct']
284,384_BBa_M36913.xml,[],[],0,FALSE,63,[],[],63,gagatcaacaatgaaagcaattttcgtactgaaacatcttaatcatgcgggggagcgtttctg,['gagatcaacaatgaaagcaattttcgtactgaaacatcttaatcatgcgggggagcgtttctg']
285,385_BBa_M36204.xml,[],[],0,FALSE,60,[],[],60,gagatcaacaatgaaagcaattttcgtactgaaacatcttaatcatgcggtggagggttt,['gagatcaacaatgaaagcaattttcgtactgaaacatcttaatcatgcggtggagggttt']
286,386_BBa_M36034.xml,['annotation1'],['0000139'],1,FALSE,60,[],"[[71, 79]]",60,gagatcaacaatgaaagcaattttcgtactgaaacatcttaatcatgctaaggaggtttt,['']
287,387_BBa_M36120.xml,['annotation1'],['0000139'],1,FALSE,63,[],"[[71, 79]]",63,gagatcaacaatgaaagcaattttcgtactgaaacatcttaatcatgctaaggaggttttcta,['']
288,388_BBa_M36293.xml,[],[],0,FALSE,63,[],[],63,gagatcaacaatgaaagcaattttcgtactgaaacatcttaatcatgctgcggagggtttcta,['gagatcaacaatgaaagcaattttcgtactgaaacatcttaatcatgctgcggagggtttcta']
289,389_BBa_K1100074.xml,[],[],0,FALSE,7,[],[],7,aacaaga,['aacaaga']
290,390_BBa_J119392.xml,[],[],0,FALSE,0,[],[],0,,['']
291,391_BBa_K104005.xml,[],[],0,FALSE,0,[],[],0,,['']
292,392_BBa_J119393.xml,[],[],0,FALSE,0,[],[],0,,['']
293,393_BBa_K879025.xml,[],[],0,FALSE,4,[],[],4,gaat,['gaat']
294,394_BBa_K2116031.xml,[],[],0,FALSE,16,[],[],16,taaataagaggaggtt,['taaataagaggaggtt']
295,395_BBa_K545005.xml,[],[],0,FALSE,112,[],[],112,cgaggcgacgaaacgccggaaagccgtcgggccagcctggatgcgaaccgaaatccctcgggcacgggggtgagcgcctggaagagccgggcgctggcaatgcaaggagtag,['cgaggcgacgaaacgccggaaagccgtcgggccagcctggatgcgaaccgaaatccctcgggcacgggggtgagcgcctggaagagccgggcgctggcaatgcaaggagtag']
296,396_BBa_J329998.xml,[],[],0,FALSE,0,[],[],0,,['']
297,397_BBa_K1705011.xml,[],[],0,FALSE,7,[],[],7,atgagag,['atgagag']
298,398_BBa_K1231002.xml,['annotation1'],['0000139'],1,FALSE,65,[],"[[70, 90]]",65,aaatattctcaacataaaaaactttgtgtaatacttgtgaaataattttgtttaactttaagaag,['']
299,399_BBa_K879024.xml,[],[],0,FALSE,4,[],[],4,gaac,['gaac']
300,400_BBa_K624013.xml,[],[],0,FALSE,0,[],[],0,,['']
301,401_BBa_K624012.xml,[],[],0,FALSE,6,[],[],6,tttcta,['tttcta']
302,402_BBa_K737033.xml,[],[],0,FALSE,102,[],[],102,tttcgcgaatccggagtgtaagaaatgagtctgaaagaaaaaacacaatctctgtttgccaacgcatttggctaccctgccactcacaccattcaggcgatc,['tttcgcgaatccggagtgtaagaaatgagtctgaaagaaaaaacacaatctctgtttgccaacgcatttggctaccctgccactcacaccattcaggcgatc']
303,403_BBa_K121016.xml,['annotation1'],['0000139'],1,FALSE,39,[],"[[53, 64]]",39,tcggagatctgtcggataacgcgtgagattaaagaggag,['']
304,404_BBa_I723131.xml,[],[],0,FALSE,0,[],[],0,,['']
305,405_BBa_B0037.xml,[],[],0,FALSE,0,[],[],0,,['']
306,406_BBa_M13507.xml,[],[],0,FALSE,0,[],[],0,,['']
307,407_BBa_I723019.xml,[],[],0,FALSE,0,[],[],0,,['']
308,408_BBa_K143020.xml,[],[],0,FALSE,0,[],[],0,,['']
309,409_BBa_J64024.xml,[],[],0,FALSE,0,[],[],0,,['']
310,410_BBa_K1676003.xml,[],[],0,FALSE,0,[],[],0,,['']
311,411_BBa_K1605024.xml,[],[],0,FALSE,0,[],[],0,,['']
312,412_BBa_K2027074.xml,[],[],0,FALSE,1,[],[],1,t,['t']
313,413_BBa_K2027073.xml,[],[],0,FALSE,3,[],[],3,aac,['aac']
314,414_BBa_J18912.xml,"['annotation1', 'annotation2']","['0000167', '0000139']",2,TRUE,58,['promoter'],"[[1, 19], [51, 73]]",58,accacaacggtttccctctagcaataattttgtttaactttaagaaggagatatacat,"['ccacaacggtttccctct', 'tatacat']"
315,415_BBa_M13508.xml,[],[],0,FALSE,0,[],[],0,,['']
316,416_BBa_I20299.xml,[],[],0,FALSE,0,[],[],0,,['']
317,417_BBa_B2002.xml,[],[],0,FALSE,0,[],[],0,,['']
318,418_BBa_K1114104.xml,['annotation1'],['0000139'],1,FALSE,4,[],"[[9, 20]]",4,ctaa,['']
319,419_BBa_K879021.xml,['annotation1'],['0000139'],1,FALSE,1,[],"[[9, 20]]",1,c,['']
320,420_BBa_K1114100.xml,['annotation1'],['0000139'],1,FALSE,7,[],"[[12, 23]]",7,atactaa,['']
321,421_BBa_K1906016.xml,[],[],0,FALSE,12,[],[],12,actaaggagtac,['actaaggagtac']
322,422_BBa_K1906014.xml,[],[],0,FALSE,17,[],[],17,catgtactaaggagtac,['catgtactaaggagtac']
323,423_BBa_K1906019.xml,[],[],0,FALSE,17,[],[],17,ttcgtactaaggagtac,['ttcgtactaaggagtac']
324,424_BBa_K1906015.xml,[],[],0,FALSE,17,[],[],17,tgtgtactaaggagtac,['tgtgtactaaggagtac']
325,425_BBa_K1906017.xml,[],[],0,FALSE,17,[],[],17,tatgtactaaggagtac,['tatgtactaaggagtac']
326,426_BBa_K1906018.xml,[],[],0,FALSE,17,[],[],17,catgtactaaggagtac,['catgtactaaggagtac']
327,427_BBa_K1906010.xml,[],[],0,FALSE,17,[],[],17,aaagtactaaggagtac,['aaagtactaaggagtac']
328,428_BBa_K1906013.xml,[],[],0,FALSE,17,[],[],17,aaagtactaaggagtac,['aaagtactaaggagtac']
329,429_BBa_K1114101.xml,[],[],0,FALSE,6,[],[],6,tactaa,['tactaa']
330,430_BBa_K1114102.xml,[],[],0,FALSE,5,[],[],5,actaa,['actaa']
331,431_BBa_K1897032.xml,[],[],0,FALSE,2,[],[],2,ac,['ac']
332,432_BBa_K1114103.xml,[],[],0,FALSE,3,[],[],3,taa,['taa']
333,433_BBa_K1897031.xml,[],[],0,FALSE,0,[],[],0,,['']
334,434_BBa_K1906011.xml,[],[],0,FALSE,17,[],[],17,aaagtactaaggagtac,['aaagtactaaggagtac']
335,435_BBa_K1906012.xml,[],[],0,FALSE,17,[],[],17,aaagtactaaggagtac,['aaagtactaaggagtac']
336,436_BBa_M36781.xml,[],[],0,FALSE,67,[],[],67,aaaggagatcaacaatgaaagcaattttcgtactgaaacatcttaatcatgcaatggaggctttcta,['aaaggagatcaacaatgaaagcaattttcgtactgaaacatcttaatcatgcaatggaggctttcta']
337,437_BBa_K1114106.xml,[],[],0,FALSE,67,[],[],67,aaaggagatcaacaatgaaagcaattttcgtactgaaacatcttaatcatgcacaggagactttcta,['aaaggagatcaacaatgaaagcaattttcgtactgaaacatcttaatcatgcacaggagactttcta']
338,438_BBa_K1114108.xml,[],[],0,FALSE,67,[],[],67,aaaggagatcaacaatgaaagcaattttcgtactgaaacatcttaatcatgcatcggaccgtttcta,['aaaggagatcaacaatgaaagcaattttcgtactgaaacatcttaatcatgcatcggaccgtttcta']
339,439_BBa_K1114107.xml,['annotation1'],['0000139'],1,FALSE,67,[],"[[75, 83]]",67,aaaggagatcaacaatgaaagcaattttcgtactgaaacatcttaatcatgctaaggaggttttcta,['']
340,440_BBa_K1114109.xml,[],[],0,FALSE,67,[],[],67,aaaggagatcaacaatgaaagcaattttcgtactgaaacatcttaatcatgctgcggagggtttcta,['aaaggagatcaacaatgaaagcaattttcgtactgaaacatcttaatcatgctgcggagggtttcta']
341,441_BBa_K1114111.xml,[],[],0,FALSE,67,[],[],67,aaaggagatcaacaatgaaagcaattttcgtactgaaacatcttaatcatgcttaggagtctttcta,['aaaggagatcaacaatgaaagcaattttcgtactgaaacatcttaatcatgcttaggagtctttcta']
342,442_BBa_K1968002.xml,[],[],0,FALSE,0,[],[],0,,['']
343,443_BBa_K641001.xml,['annotation1'],['0000139'],1,FALSE,5,[],"[[13, 24]]",5,aatac,['']
344,444_BBa_K1642004.xml,[],[],0,FALSE,0,[],[],0,,['']
345,445_BBa_M36009.xml,[],[],0,FALSE,22,[],[],22,tggattaaaaggggaggtataa,['tggattaaaaggggaggtataa']
346,446_BBa_M36000.xml,[],[],0,FALSE,22,[],[],22,tggattaaagccggaaacataa,['tggattaaagccggaaacataa']
347,447_BBa_M36001.xml,[],[],0,FALSE,22,[],[],22,tggattaaagggggaggcataa,['tggattaaagggggaggcataa']
348,448_BBa_K2018026.xml,[],[],0,FALSE,46,[],[],46,atcttactgggctgtgccacataagattgctattttttttggagtc,['atcttactgggctgtgccacataagattgctattttttttggagtc']
349,449_BBa_K784040.xml,[],[],0,FALSE,9,[],[],9,ggagtcgtc,['ggagtcgtc']
350,450_BBa_K1725327.xml,[],[],0,FALSE,0,[],[],0,,['']
351,451_BBa_K1725308.xml,[],[],0,FALSE,0,[],[],0,,['']
352,452_BBa_K1725322.xml,[],[],0,FALSE,0,[],[],0,,['']
353,453_BBa_K1725309.xml,[],[],0,FALSE,0,[],[],0,,['']
354,454_BBa_K1725326.xml,[],[],0,FALSE,0,[],[],0,,['']
355,455_BBa_K1725305.xml,[],[],0,FALSE,0,[],[],0,,['']
356,456_BBa_K1725318.xml,[],[],0,FALSE,0,[],[],0,,['']
357,457_BBa_K1725304.xml,[],[],0,FALSE,0,[],[],0,,['']
358,458_BBa_K1725328.xml,[],[],0,FALSE,0,[],[],0,,['']
359,459_BBa_K1725310.xml,[],[],0,FALSE,0,[],[],0,,['']
360,460_BBa_K1725323.xml,[],[],0,FALSE,0,[],[],0,,['']
361,461_BBa_K1725311.xml,[],[],0,FALSE,0,[],[],0,,['']
362,462_BBa_K1725332.xml,[],[],0,FALSE,0,[],[],0,,['']
363,463_BBa_K1725316.xml,[],[],0,FALSE,0,[],[],0,,['']
364,464_BBa_K1725320.xml,[],[],0,FALSE,0,[],[],0,,['']
365,465_BBa_K1725306.xml,[],[],0,FALSE,0,[],[],0,,['']
366,466_BBa_K1725329.xml,[],[],0,FALSE,0,[],[],0,,['']
367,467_BBa_K1725312.xml,[],[],0,FALSE,0,[],[],0,,['']
368,468_BBa_K1725324.xml,[],[],0,FALSE,0,[],[],0,,['']
369,469_BBa_K1725321.xml,[],[],0,FALSE,0,[],[],0,,['']
370,470_BBa_B0031.xml,[],[],0,FALSE,0,[],[],0,,['']
371,471_BBa_B0038.xml,[],[],0,FALSE,0,[],[],0,,['']
372,472_BBa_K783049.xml,[],[],0,FALSE,0,[],[],0,,['']
373,473_BBa_J56013.xml,[],[],0,FALSE,0,[],[],0,,['']
374,474_BBa_B0039.xml,[],[],0,FALSE,0,[],[],0,,['']
375,475_BBa_K082001.xml,[],[],0,FALSE,0,[],[],0,,['']
376,476_BBa_K1897034.xml,[],[],0,FALSE,0,[],[],0,,['']
377,477_BBa_K1725303.xml,[],[],0,FALSE,0,[],[],0,,['']
378,478_BBa_K783050.xml,[],[],0,FALSE,0,[],[],0,,['']
379,479_BBa_B0041.xml,[],[],0,FALSE,0,[],[],0,,['']
380,480_BBa_K1897036.xml,[],[],0,FALSE,0,[],[],0,,['']
381,481_BBa_K1725302.xml,[],[],0,FALSE,0,[],[],0,,['']
382,482_BBa_K1725301.xml,[],[],0,FALSE,0,[],[],0,,['']
383,483_BBa_K1725330.xml,[],[],0,FALSE,0,[],[],0,,['']
384,484_BBa_K1725313.xml,[],[],0,FALSE,0,[],[],0,,['']
385,485_BBa_K1725325.xml,[],[],0,FALSE,0,[],[],0,,['']
386,486_BBa_K1725314.xml,[],[],0,FALSE,0,[],[],0,,['']
387,487_BBa_K1725331.xml,[],[],0,FALSE,0,[],[],0,,['']
388,488_BBa_K1725315.xml,[],[],0,FALSE,0,[],[],0,,['']
389,489_BBa_K1725319.xml,[],[],0,FALSE,0,[],[],0,,['']
390,490_BBa_K1725307.xml,[],[],0,FALSE,0,[],[],0,,['']
391,491_BBa_B0073.xml,[],[],0,FALSE,0,[],[],0,,['']
392,492_BBa_M1105.xml,[],[],0,FALSE,0,[],[],0,,['']
393,493_BBa_K1479004.xml,"['annotation2', 'annotation4', 'annotation3', 'annotation1']","['0000141', '0000141', '0000141', '0000141']",4,TRUE,406,"['terminator', 'terminator', 'terminator', 'terminator']","[[207, 234], [398, 425], [311, 382], [8, 35]]",406,gggcctttctgcgtttatatactagagagagaatataaaaagccagattattaatccggcttttttattattttactagagcgccaaaaaccccgcccctgacagggcggggtttttccgctactagagcgcaaaaaaccccgcccctgacagggcggggttttttcgctactagagtcacactggctcaccttcgggtgggcctttctgcgtttatatactagagagagaatataaaaagccagattattaatccggcttttttattattttactagagccaggcatcaaataaaacgaaaggctcagtcgaaagactgggcctttcgttttatctgttgtttgtcggtgaacgctctctactagagtcacactggctcaccttcgggtgggcctttctgcgttt,"['ctgcgtttatatactagagagagaata', 'ctgcgttt', 'gaaagactgggcctttcgttttatctgttgtttgtcggtgaacgctctctactagagtcacactggctcac', 'ctgcgtttatatactagagagagaata']"
394,494_BBa_B0077.xml,[],[],0,FALSE,0,[],[],0,,['']
395,495_BBa_B0078.xml,[],[],0,FALSE,0,[],[],0,,['']
396,496_BBa_J64018.xml,[],[],0,FALSE,0,[],[],0,,['']
397,497_BBa_J64028.xml,[],[],0,FALSE,0,[],[],0,,['']
398,498_BBa_J95017.xml,[],[],0,FALSE,0,[],[],0,,['']
399,499_BBa_K208103.xml,[],[],0,FALSE,0,[],[],0,,['']
400,500_BBa_K545006.xml,[],[],0,FALSE,7,[],[],7,ttgatca,['ttgatca']
401,501_BBa_M13509.xml,[],[],0,FALSE,0,[],[],0,,['']
402,502_BBa_J95019.xml,[],[],0,FALSE,0,[],[],0,,['']
403,503_BBa_K208106.xml,[],[],0,FALSE,0,[],[],0,,['']
404,504_BBa_K2116019.xml,[],[],0,FALSE,10,[],[],10,agaggaggtt,['agaggaggtt']
405,505_BBa_M36583.xml,[],[],0,FALSE,3,[],[],3,tag,['tag']
406,506_BBa_J331018.xml,[],[],0,FALSE,31,[],[],31,ttggatttgggtattaaagaggagatactag,['ttggatttgggtattaaagaggagatactag']
407,507_BBa_B0071.xml,[],[],0,FALSE,0,[],[],0,,['']
408,508_BBa_B0070.xml,[],[],0,FALSE,0,[],[],0,,['']
409,509_BBa_I742130.xml,[],[],0,FALSE,0,[],[],0,,['']
410,510_BBa_K784007.xml,[],[],0,FALSE,21,[],[],21,ctctcctgctaaggtaacaac,['ctctcctgctaaggtaacaac']
411,511_BBa_K784012.xml,[],[],0,FALSE,26,[],[],26,aatctctctcctgctaaggtaacaac,['aatctctctcctgctaaggtaacaac']
412,512_BBa_M36452.xml,[],[],0,FALSE,4,[],[],4,ttct,['ttct']
413,513_BBa_M36454.xml,[],[],0,FALSE,5,[],[],5,ttcta,['ttcta']
414,514_BBa_J96043.xml,[],[],0,FALSE,25,[],[],25,actgtaattttgcgtgatttttttg,['actgtaattttgcgtgatttttttg']
415,515_BBa_J64020.xml,[],[],0,FALSE,0,[],[],0,,['']
416,516_BBa_K1799029.xml,"['annotation1', 'annotation2']","['0000139', '0000139']",2,FALSE,23,[],"[[9, 20], [33, 44]]",23,taactcatggtttctcctcttta,"['gtttctcctct', '']"
417,517_BBa_K1799028.xml,[],[],0,FALSE,25,[],[],25,ctaactcatggagtgtgtcctttca,['ctaactcatggagtgtgtcctttca']
418,518_BBa_K1323016.xml,[],[],0,FALSE,3,[],[],3,aaa,['aaa']
419,519_BBa_K619892.xml,[],[],0,FALSE,115,[],[],115,gtttagcgtgactttctttcaacagcttacaattgttgttactgcctaatgtttttagggtattttaaaaaagggcgataaaaaacgattggaggatgagacatgaacgctcaaa,['gtttagcgtgactttctttcaacagcttacaattgttgttactgcctaatgtttttagggtattttaaaaaagggcgataaaaaacgattggaggatgagacatgaacgctcaaa']
420,520_BBa_J64609.xml,[],[],0,FALSE,0,[],[],0,,['']
421,521_BBa_J61140.xml,[],[],0,FALSE,0,[],[],0,,['']
422,522_BBa_J61147.xml,[],[],0,FALSE,0,[],[],0,,['']
423,523_BBa_J61142.xml,[],[],0,FALSE,0,[],[],0,,['']
424,524_BBa_J61144.xml,[],[],0,FALSE,0,[],[],0,,['']
425,525_BBa_J61146.xml,[],[],0,FALSE,0,[],[],0,,['']
426,526_BBa_J61143.xml,[],[],0,FALSE,0,[],[],0,,['']
427,527_BBa_J61141.xml,[],[],0,FALSE,0,[],[],0,,['']
428,528_BBa_J61145.xml,[],[],0,FALSE,0,[],[],0,,['']
429,529_BBa_K1442000.xml,[],[],0,FALSE,3,[],[],3,aaa,['aaa']
430,530_BBa_K1159300.xml,[],[],0,FALSE,602,[],[],602,cccaccccagaggcccacgtggcggctagtactccggtattgcggtacccttgtacgcctgttttatactcccttcccgtaacttagacgcacaaaaccaagttcaatagaagggggtacaaaccagtaccaccacgaacaagcacttctgtttccccggtgatgtcgtatagactgcttgcgtggttgaaagcgacggatccgttatccgcttatgtacttcgagaagcccagtaccacctcggaatcttcgatgcgttgcgctcagcactcaaccccagagtgtagcttaggctgatgagtctggacatccctcaccggtgacggtggtccaggctgcgttggcggcctacctatggctaacgccatgggacgctagttgtgaacaaggtgtgaagagcctattgagctacataagaatcctccggcccctgaatgcggctaatcccaacctcggagcaggtggtcacaaaccagtgattggcctgtcgtaacgcgcaagtccgtggcggaaccgactactttgggtgtccgtgtttccttttattttattgtggctgcttatggtgacaatcacagattgttatcataaagcgaattgg,['cccaccccagaggcccacgtggcggctagtactccggtattgcggtacccttgtacgcctgttttatactcccttcccgtaacttagacgcacaaaaccaagttcaatagaagggggtacaaaccagtaccaccacgaacaagcacttctgtttccccggtgatgtcgtatagactgcttgcgtggttgaaagcgacggatccgttatccgcttatgtacttcgagaagcccagtaccacctcggaatcttcgatgcgttgcgctcagcactcaaccccagagtgtagcttaggctgatgagtctggacatccctcaccggtgacggtggtccaggctgcgttggcggcctacctatggctaacgccatgggacgctagttgtgaacaaggtgtgaagagcctattgagctacataagaatcctccggcccctgaatgcggctaatcccaacctcggagcaggtggtcacaaaccagtgattggcctgtcgtaacgcgcaagtccgtggcggaaccgactactttgggtgtccgtgtttccttttattttattgtggctgcttatggtgacaatcacagattgttatcataaagcgaattgg']
431,531_BBa_Z0262.xml,['annotation1'],['0000139'],1,FALSE,0,[],"[[3, 14]]",0,,['']
432,532_BBa_K1605018.xml,[],[],0,FALSE,0,[],[],0,,['']
433,533_BBa_J64011.xml,[],[],0,FALSE,0,[],[],0,,['']
434,534_BBa_K2182004.xml,[],[],0,FALSE,0,[],[],0,,['']
435,535_BBa_K1323022.xml,[],[],0,FALSE,0,[],[],0,,['']
436,536_BBa_M50019.xml,[],[],0,FALSE,0,[],[],0,,['']
437,537_BBa_B0029.xml,[],[],0,FALSE,0,[],[],0,,['']
438,538_BBa_M1694.xml,[],[],0,FALSE,0,[],[],0,,['']
439,539_BBa_K239008.xml,[],[],0,FALSE,542,[],[],542,aaaatgttgccgaacaacaagccaactgcgaccacggtcacagcgcctgtaacggtaccaacagcaagcacaaccgagccgactgtcagcagtacatcaaccagtacgcctatctccacctggcgctggccgactgagggcaaagtgatcgaaacctttggcgcttctgaggggggcaacaaggggattgatatcgcaggcagcaaaggacaggcaattatcgcgaccgcagatggccgcgttgtttatgctggtaacgcgctgcgcggctacggtaatctgattatcatcaaacataatgatgattacctgagtgcctacgcccataacgacacaatgctggtccgggaacaacaagaagttaaggcggggcaaaaaatagcgaccatgggtagcaccggaaccagttcaacacgcttgcattttgaaattcgttacaaggggaaatccgtaaacccgctgcgttatttgccgcagcgataaatcggcggaaccaggcttttgcttgaatgttccgtcaagggatcacgggtaggagccac,['aaaatgttgccgaacaacaagccaactgcgaccacggtcacagcgcctgtaacggtaccaacagcaagcacaaccgagccgactgtcagcagtacatcaaccagtacgcctatctccacctggcgctggccgactgagggcaaagtgatcgaaacctttggcgcttctgaggggggcaacaaggggattgatatcgcaggcagcaaaggacaggcaattatcgcgaccgcagatggccgcgttgtttatgctggtaacgcgctgcgcggctacggtaatctgattatcatcaaacataatgatgattacctgagtgcctacgcccataacgacacaatgctggtccgggaacaacaagaagttaaggcggggcaaaaaatagcgaccatgggtagcaccggaaccagttcaacacgcttgcattttgaaattcgttacaaggggaaatccgtaaacccgctgcgttatttgccgcagcgataaatcggcggaaccaggcttttgcttgaatgttccgtcaagggatcacgggtaggagccac']
440,540_BBa_J64015.xml,[],[],0,FALSE,0,[],[],0,,['']
441,541_BBa_K1616011.xml,[],[],0,FALSE,0,[],[],0,,['']
442,542_BBa_K1130003.xml,[],[],0,FALSE,8,[],[],8,ggaggtat,['ggaggtat']
443,543_BBa_K1088055.xml,[],[],0,FALSE,0,[],[],0,,['']
444,544_BBa_K1638017.xml,[],[],0,FALSE,0,[],[],0,,['']
445,545_BBa_K1045010.xml,['annotation1'],['0000139'],1,FALSE,0,[],"[[1, 12]]",0,,['']
446,546_BBa_J44001.xml,['annotation1'],['0000139'],1,FALSE,0,[],"[[1, 12]]",0,,['']
447,547_BBa_M13503.xml,[],[],0,FALSE,0,[],[],0,,['']
